<?xml version="1.0" encoding="utf-8"?>
<main>
   <key>
   <uid>59022ad7da5b9ac32292e6d96417106638ddadc2990dfcbac6854a8d8c0c4370515d6c7f35ed8f93a2eb5387fadaa4c0c31a7bef070ed53bc5054ff80995a2a8</uid>
   <server>imls-bg-arthemis.uzh.ch</server>
   <date-release>28/09/2014</date-release>
   <cert>cert.pem</cert>
   <validity>0</validity>
   <bind>0:0:0:0:0</bind>
   </key>
   <customer>
   	<uid>000</uid>
   	<username>unknown.user</username>
   	<name>unknown.user</name>
   	<lastname></lastname>
   	<email>email@test.com</email>
   </customer>
   <products>
   <product>
   <uid>2b5eb0dfdc2bf551f1b8e93f5b41af39a0e391d4f54accb6e4154600cb5f9b094a2667dcad71d5d5ed41b187af254d218bb455d7ee7556b953b93bbecaf23c66</uid>
   </product>
   </products>
</main>