<?xml version="1.0" encoding="utf-8"?>
<main>
   <programm_name>EpiTools</programm_name>
   <programm_desc>Image processing software for epithelial tissues</programm_desc>
   <programm_authors>D. Heller, A. Tournier, A. Hoppe, S. Restrepo, L. Gatti, N. Tapon, K. Basler, Y. Mao</programm_authors>
   <version>1</version>
   <release>1</release>
   <build>S0001</build>
   <date_version>30/09/2014</date_version>
   <date_release>30/09/2014</date_release>
   <date_build>28/09/2014</date_build>
   <uid>2b5eb0dfdc2bf551f1b8e93f5b41af39a0e391d4f54accb6e4154600cb5f9b094a2667dcad71d5d5ed41b187af254d218bb455d7ee7556b953b93bbecaf23c66</uid>
   <url_info>http://imls-bg-arthemis.uzh.ch/epitools</url_info>
   <url_update>http://imls-bg-arthemis.uzh.ch/epitools/rss/update</url_update>
</main>